{"cameraMode":{"drawMode":0,"name":"Shaded","section":"Shading Mode"},"sceneLighting":true,"audioPlay":false,"sceneViewState":{"m_AlwaysRefresh":true,"showFog":true,"showSkybox":true,"showFlares":true,"showImageEffects":true,"showParticleSystems":true,"showVisualEffectGraphs":true,"m_FxEnabled":true},"in2DMode":false,"pivot":{"x":-71.44364929199219,"y":-48.648658752441409,"z":116.65243530273438},"rotation":{"x":-0.011371619999408722,"y":0.9787653088569641,"z":-0.05644039809703827,"w":-0.19755369424819947},"size":12.12435531616211,"orthographic":false}