{"cameraMode":{"drawMode":0,"name":"Shaded","section":"Shading Mode"},"sceneLighting":true,"audioPlay":false,"sceneViewState":{"m_AlwaysRefresh":true,"showFog":true,"showSkybox":true,"showFlares":true,"showImageEffects":true,"showParticleSystems":true,"showVisualEffectGraphs":true,"m_FxEnabled":true},"in2DMode":false,"pivot":{"x":-58.504154205322269,"y":-43.983428955078128,"z":139.4747772216797},"rotation":{"x":0.1511201560497284,"y":0.17509110271930695,"z":-0.027589527890086175,"w":0.9726954102516174},"size":11.881059646606446,"orthographic":false}